모델,평균WAPE,평균RMSE
SeasonalNaive,0.09066703117416386,11373.886450789121
RandomWalk,0.05291211504995863,7216.271626832084
AR,0.07040832468200181,9383.812947072958
PureCatBoost,0.05925293707524208,7955.502728559407
PureTFT,0.05286409123595916,7392.279508204792
