모델,step거리우위,비율
SeasonalNaive,149836,0.24795133510729842
RandomWalk,137035,0.22676800773131048
AR,133562,0.22102082423183342
PureCatBoost,84672,0.14011676396997497
PureTFT,99191,0.16414306895958272
