모델,RMSE,WAPE
RandomWalk,7216.271626832084,0.05291211504995863
SeasonalNaive,11373.090425346363,0.09066100691239959
AR,9383.812947072956,0.07040832468200181
