모델,RMSE,WAPE
RandomWalk,7267.071630419106,0.041988953515037904
SeasonalNaive,11844.646957300785,0.07507183413164603
AR,10656.51449257974,0.06884127411472296
