모델,RMSE,WAPE
RandomWalk,7216.271626832084,0.05291211504995863
SeasonalNaive,19833.58921807509,0.16621093830229292
AR,9383.812947072956,0.07040832468200181
