지표,Before(AR),After(AR+CB),개선율
WAPE,0.13992836442277115,0.1246168944059046,0.10942363315707315
RMSE,60982.554980223715,49377.91042921469,0.19029449577460877
