구분,우위 step 수,비율
After(AR+CB),11609,0.48370833333333335
Before(AR),12391,0.5162916666666667
동점,0,0.0
