모델,RMSE,WAPE
RandomWalk,12604.331578590045,0.060711015413526984
SeasonalNaive,18279.14898482487,0.08376159779807074
AR,13743.58780926818,0.062142210121951494
