모델,평균WAPE,평균RMSE
AR,0.07040832468200181,9383.812947072958
AR+CatBoost,0.059751810419086976,8193.564101426446
AR+TFT,0.05493305480847633,7486.708641180848
