모델,평균WAPE,평균RMSE
AR,0.06884127411472296,10656.51449257974
AR+CatBoost,0.05703965079139054,9297.886152723717
AR+TFT,0.05989632853648504,9491.23000291268
