모델,step거리우위,비율
AR,170709,0.27748356642674626
AR+CatBoost,204491,0.332395433059603
AR+TFT,240004,0.3901210005136508
