모델,step거리우위,비율
AR,153968,0.2547890437798695
AR+CatBoost,187181,0.30975051961290495
AR+TFT,263147,0.4354604366072256
