모델,RMSE,WAPE
RandomWalk,48386.524605889674,0.11334944537147272
SeasonalNaive,61689.10501291764,0.14055435712830916
AR,60982.554980223715,0.13992836442277115
BAR,60317.239845484466,0.13843013361064865
BAR-X,66828.55652988824,0.15463459182704267
